query,instagramUrl,followers,following,posts,Instagram Handles,Email Addresses
Metal Machine Tattoo Studio,https://www.instagram.com/mmtattoo/,3104,2221,2383,@mmtattoo,mmtattoo@iafrica.com
Hoodoo Tattoos,https://www.instagram.com/hoodootattoos/,7092,7341,1326,@hoodootattoos,
Cape Town Tattoos. Mr Lucky'S,https://www.instagram.com/capetowntattoo/,2081,486,775,@capetowntattoo,
Cape Electric Tattoo,https://www.instagram.com/capeelectrictattoo/,,,,@waldodelrocca @garethlloyd.cet @dokter_iriezumi @caitlynlong.ct @sa_tattooconvention @capeelectrictattoo,
Tomb Tattoo,https://www.instagram.com/tomb_tattoo/,9127,807,2971,@tomb_tattoo,
Betrue Ink Tattoo'S And Body Piercing Studio,https://www.instagram.com/betrueinktattoo/,1231,3296,1098,@betrueinktattoo,
More Than Hype - Tattoo Art Collective,https://www.instagram.com/tattooartcollective/,433,85,27,@tattooartcollective,
Sleight Of Hand Tattoos,https://www.instagram.com/sleight_hand/,308,539,26,@sleight_hand,
Keepsake Tattoo Cape Town,https://www.instagram.com/keepsake_tattoo/,2747,722,1243,@keepsake_tattoo,
Queen Of Steel,https://www.instagram.com/queenzofsteel/,329,103,49,@queenzofsteel,
The Body Architects,https://www.instagram.com/thebodyarchitects/,,,,@weskuswolf @byronbarkertattoos @tattoos_by_marc_stapelberg @thebodyarchitects,
Wildfire Tattoo And Body Piercing Studio,https://www.instagram.com/wildfiretattoos/,4428,514,787,@wildfiretattoos,
Kings And Queens Ink Lounge,https://www.instagram.com/kingsandqueensink/,4543,2322,735,@kingsandqueensink,
Good Things Tattoo,https://www.instagram.com/goodthingstattoo/,,,3185,@tamarthorn @sean_smuts_tattoo @hilaryrandle @brucethekid @jerryjames_tattoos @clare_foxcroft @laserdave_,
Kak Lucky Tattoos,https://www.instagram.com/kakluckytattoos/,11.1k,3685,1042,@kakluckytattoos,
Dark Horse Society,https://www.instagram.com/dark_horse_society/,3272,1062,383,@dark_horse_society,info@darkhorse.co.za
Arcane Tattoo & Piercing,https://www.instagram.com/arcanearttattoo/,3822,86,241,@arcanearttattoo @jentrey_mccausland_11 @mattmitart @kayleighvanleuven @iboidank @tat2by_b @get_stabbed_piercing @lotus_raquel @tatbykiley,
Skullbox & Tattoo Company,https://www.instagram.com/skullbox_tattoocompany/,,,,@skullbox_tattoocompany,
Descriptive Art Collective,https://www.instagram.com/descriptive_art_collective/,,,,@descriptive_art_collective,descriptiveart@gmail.com
Marius Bosman'S Tattoo Studio,https://www.instagram.com/mariusbosmantattoo/,437,2,75,@mariusbosmantattoo,
Devon Slaves Tattoos,https://www.instagram.com/devonslaves/,18.9k,867,269,@devonslaves @curativeconcepts,
Primal Culture Tattoo Studio,https://www.instagram.com/primal_culture/,1366,1199,150,@primal_culture,
Mantra Tattoos,https://www.instagram.com/mantratattoo/,26.4k,7042,2112,@mantratattoo,
Skintrade Tattoos,https://www.instagram.com/skintradetattoosjnb/,832,740,172,@skintradetattoosjnb,
The Ink Lane Tattoos,https://www.instagram.com/theinklane/,,,,@theinklane,
Disciples Ink Durbanville Tattoo Studio,https://www.instagram.com/disciplesinktattoo/,,,,@disciplesinktattoo,
Monarch Tattoo Co.,https://www.instagram.com/monarch_tattoo_co/,3047,14,93,@monarch_tattoo_co,
Hellhound Tattoo Studio,https://www.instagram.com/hellhound_tattoostudio/,2618,1260,750,@hellhound_tattoostudio,
Ten Two Tattoo,https://www.instagram.com/tentwotattoostudio/,1511,189,124,@tentwotattoostudio,
Wildfire Tattoo & Piercing - Canal Walk,https://www.instagram.com/wildfirecapetown/,,,,@wildfirecapetown,capetown@wildfireza.com canalwalk@wildfireza.com kenilworth@wildfireza.com
Disciples Ink Strand Tattoo Studio,https://www.instagram.com/disciplesinktattoo/,,,,@disciplesinktattoo,
Kanasashi Tattoos,https://www.instagram.com/tattoosbykanasashi/,,,,@kanasashiart @kanabesem @tattoosbykanasashi,kanabesem@gmail.com
Cape Tattoo Co,https://www.instagram.com/cape_tattoo_co/,881,798,390,@cape_tattoo_co,
Moving Art Tattoos And Piercings,https://www.instagram.com/tattoo_on_move/,,,,@tattoo_on_move,
True Colours Tattoo Studio,https://www.instagram.com/true_colours_tattoo/,35.4k,311,279,@true_colours_tattoo,
Serenity Tattoos & Piercings Cpt,https://www.instagram.com/serenity_tattoos_and_piercings/,576,251,101,@serenity_tattoos_and_piercings,
Sally Mustang Tattoos Cape Town,https://www.instagram.com/sallymustang_tattoos/,57.8k,299,1866,@sallymustang_tattoos,
The Tattooer,https://www.instagram.com/the.tattooer/,44,5,6,@the.tattooer,
Illusion Tattoos Supplies (Tattoos & Piercings) (Pty) Ltd.,https://www.instagram.com/illusiontattoos/,175,156,29,@illusiontattoos,
Bethaaink_Tattoo & Piercing,https://www.instagram.com/monia.ink.piercing/,770,30,19,@monia.ink.piercing,
Black Jack Tattoos,https://www.instagram.com/blackjacktattooshop/,3512,4674,794,@blackjacktattooshop,
Studio 52,https://www.instagram.com/studio52.tv/,2619,191,150,@studio52.tv,
Team Black Sheep Tattoos,https://www.instagram.com/teamblacksheep_tattoo/,105,0,0,@teamblacksheep_tattoo,
Palm Black Tattoo,https://www.instagram.com/palmblacktattoo/,19.6k,910,3530,@palmblacktattoo,
Blake Ink Tattoo & Piercing Studio,https://www.instagram.com/blakeinktattoos/,,,,@blakeinktattoos,
Skullair Tattoo Supplies Cape Town,https://www.instagram.com/skullairza/,260,1647,656,@skullairza,
Black Cannon Tattoos,https://www.instagram.com/blackcannontattoos/,2403,923,349,@blackcannontattoos,
Afterlife Ink Tattoos,https://www.instagram.com/afterlife.tattoo/,10.7k,2355,869,@afterlife.tattoo,
Mad Ink Tattoos,https://www.instagram.com/mad_ink_tattoos/,876,600,115,@mad_ink_tattoos,
Sanctum Design Tattoo Theatre,https://www.instagram.com/steven_martheze/,618,716,1037,@steven_martheze,
Killswitch-Ink,https://www.instagram.com/killswitch_ink/,,,,@jacquescook73 @killswitch_ink,
All Hands Tattoo Studio,https://www.instagram.com/all_hands_tattoo/,286,13,0,@all_hands_tattoo,
Inkrepublik Tattoo Studio,https://www.instagram.com/inkrepublik_tattoostudio/,885,108,483,@inkrepublik_tattoostudio,
Tools Of Trade Tattoo Studios,https://www.instagram.com/tools_of_trade_tattoos/,1631,105,14,@tools_of_trade_tattoos,
Ink Cartel Cape Town,https://www.instagram.com/inkcartelcpt/,927,1057,428,@inkcartelcpt,
Black Rose Tattoos,https://www.instagram.com/blackrosetattoosballina/,803,442,286,@blackrosetattoosballina @lou.loutattoo,
Dreaming Ink,https://www.instagram.com/dreaminginktattoos/,3916,4823,438,@dreaminginktattoos @dreamingdecals @dreamingnailsandbeauty,
New Dawn Tattoos,https://www.instagram.com/newdawntattos/,917,28,353,@newdawntattos,
Wildfire Tattoo And Body Piercing Studio,https://www.instagram.com/wildfiretattoos/,4428,514,787,@wildfiretattoos,
Master G Inks Cape Town,https://www.instagram.com/g.inks_/,112,5,10,@g.inks_,
The Witch House,https://www.instagram.com/thewitchhousecpt/,1123,326,107,@thewitchhousecpt,
Marshall Law Tattoo Studio,https://www.instagram.com/marshalllawink/,280,246,99,@marshalllawink,
Secret Garden Tattoo,https://www.instagram.com/secretgarden_tattoo/,14,35,4,@secretgarden_tattoo,
Black & White Tattoo Studios - Cape Town,https://www.instagram.com/tattooblackwhiteee/,14.3k,841,74,@tattooblackwhiteee,
Whittleink Tattoo Studio,https://www.instagram.com/white.ink_tattoo/,1021,22,96,@white.ink_tattoo,
Samurai Empire Tattoo Studio,https://www.instagram.com/samurai_ink_empire_studio/,2165,1415,36,@samurai_ink_empire_studio,
Ink & Cbd Studio 85,https://www.instagram.com/inkandcbdstudio85/,522,43,60,@inkandcbdstudio85,
Skin Vandal Tattoos,https://www.instagram.com/svglifestyle/,1687,7497,1021,@svglifestyle,
Needles & Pins Tattoo,https://www.instagram.com/needles_and_pins_tattoos/,648,233,553,@needles_and_pins_tattoos,
"""R""""Ink Tattoos Sa""",https://www.instagram.com/r.inktattoopiercing/,1379,4253,79,@r.inktattoopiercing,
Gray'S Ink,https://www.instagram.com/grays_ink/,,,,@jpgray90 @grays_ink,
Pennyred Tattoo Supplies (Pty)Ltd. & Tattoo Studio,https://www.instagram.com/pennyred_tattoo_supplies/,3814,357,131,@pennyred_tattoo_supplies,
Ink 'N Steel - Tattoo & Piercings,https://www.instagram.com/steelninkstudios/,27.5k,2741,1907,@steelninkstudios,
The Catalyst Studios,https://www.instagram.com/thecatalyststudios/,757,1114,233,@thecatalyststudios,
True Black Tattoo Training,https://www.instagram.com/black_true_tattoo/,2519,1201,185,@black_true_tattoo,
Murder Ink Tattoo & Piercing Lounge,https://www.instagram.com/murder.ink.tattoos/,399,95,136,@murder.ink.tattoos,
Hood Ink,https://www.instagram.com/hood.ink/,146,279,47,@hood.ink,
Tainted Skin Tattoo Studio,https://www.instagram.com/taintedskintattoos/,550,18,69,@taintedskintattoos,
S' Tattoo Supplies And Skincare Products,https://www.instagram.com/tattoo_skincare/,2418,927,43,@tattoo_skincare,
Aya Soul Tattoos,https://www.instagram.com/aya_soul_tattoos/,477,116,20,@aya_soul_tattoos,
Brightstar Tattoo And Piercing Studio,https://www.instagram.com/brightstar_tattoos/,188,3,618,@brightstar_tattoos,
Rotten Apple Tattoo Studio,https://www.instagram.com/rottenappletattoostudio/,1070,676,133,@rottenappletattoostudio,
All Or Nothing Tattoo Studio,https://www.instagram.com/aontattoo/,27.2k,1223,2043,@aontattoo,
Firehawk Ink,https://www.instagram.com/firehawk_ink/,483,669,65,@firehawk_ink,
Lady Luck Tattoos,https://www.instagram.com/ladylucktattoo/,44.4k,5945,3546,@ladylucktattoo,
Vg Tattooing,https://www.instagram.com/vg.tattooing/,11.8k,41,327,@vg.tattooing,
Ironclad Tattoos,https://www.instagram.com/ironclad_tattoo_co/,21k,3893,7190,@ironclad_tattoo_co,
Gypsy Cove Tattoo,https://www.instagram.com/gypsycovetattoo/,45,3,0,@gypsycovetattoo,
The Tattoo Shop Bellville,https://www.instagram.com/inkfinity.tattoo.studio/,8956,7344,1630,@inkfinity.tattoo.studio,
444Tattoostudio,https://www.instagram.com/444tattoostudio/,148,135,4,@444tattoostudio,
Tattoo At Studio 52,https://www.instagram.com/tattoostudio52/,370,0,342,@tattoostudio52,
Skin Tattoo Studio,https://www.instagram.com/skin_art_tattoo_studio/,23.9k,7442,785,@skin_art_tattoo_studio,
West Coast Inked Tattoo,https://www.instagram.com/westcoastinked82/,517,346,586,@westcoastinked82,
Long Street Tattoo Co.,https://www.instagram.com/queens_street_tattoo/,318,4,16,@queens_street_tattoo,
The Salty Dog Tattoo Parlour,https://www.instagram.com/saltydogtattooparlor/,2150,523,65,@saltydogtattooparlor,
The Tattoo Den,https://www.instagram.com/the.tattoo_den/,54,16,14,@the.tattoo_den,
Luna Tattoo,https://www.instagram.com/luna_tattoo/,,,,@claudiaferrariniartgallery.mi @sacrifice.bcn @luna_tattoo,lunaborroni@gmail.com
Cailin Tattoo,https://www.instagram.com/cailintattoo/,1472,1367,146,@cailintattoo,
Aztec Tatoo & Piercing,https://www.instagram.com/aztecritualstattoo/,413,886,22,@aztecritualstattoo,
Cpt Ink Addicts,https://www.instagram.com/ink_addicts___/,583,54,201,@ink_addicts___,
Die Honest,https://www.instagram.com/die.honest/,227,405,30,@die.honest,
Regnif Temporary Tattoos,https://www.instagram.com/regnif.id/,,,,,
Temp Tattoos Cc,https://www.instagram.com/temp_tattoo_/,341,221,79,@temp_tattoo_,
Disciples Ink,https://www.instagram.com/disciplesinktattoo/,,,,@disciplesinktattoo,
Killswitch Ink Cape Town,https://www.instagram.com/killswitch_ink/,,,,@jacquescook73 @killswitch_ink,
Wild Side Tattoos,https://www.instagram.com/wildsidetattooags/,,,,@japo_tattoos @pequeno.demonio.ws @marco_ojeda_ws @elsimon1152 @carlin.tattoo @sonnyreyesws @wildsidetattooags,
Here Now Tattoo,https://www.instagram.com/rightnowtattoo_franzi/,585,111,339,@rightnowtattoo_franzi,
Bad Monkey Tattoo Studio,https://www.instagram.com/badmonkeytattoo/,196,28,6,@badmonkeytattoo,
Tentwo Tattoo Studios,https://www.instagram.com/tentwotattoostudio/,1511,189,124,@tentwotattoostudio,
Wredekloof Hair And Tattoo Studio,https://www.instagram.com/wredeklooftattoo/,1684,3078,472,@wredeklooftattoo,
The Gallery Tattoo Studio,https://www.instagram.com/the_gallery_tattoo_studio/,2576,293,468,@the_gallery_tattoo_studio,
Hood Ink Tattoos,https://www.instagram.com/hoodinktattoos_capetown/,406,871,29,@hoodinktattoos_capetown,
Midnight Sun Tattoo,https://www.instagram.com/midnightsun_tattoo/,775,139,39,@midnightsun_tattoo,
Siegwerk Ink,https://www.instagram.com/siegwerk.global/,440,2,413,@siegwerk.global,
The Tattoo Valley,https://www.instagram.com/thetattoovalley/,400,206,330,@thetattoovalley,
The Ink Lounge,https://www.instagram.com/the.ink.lounge/,618,1675,309,@the.ink.lounge,
Freestylers Tattoo Lounge,https://www.instagram.com/tattoo_lounge_hl/,1299,123,231,@tattoo_lounge_hl,
Tattooist Guy,https://www.instagram.com/freddy_tattooist_/,,,,@freddy_tattooist_,
Hooligansink,https://www.instagram.com/hooligansink_official/,64,122,12,@hooligansink_official,
Tattoo Zone Studio,https://www.instagram.com/tattoo._zone/,279k,44,130,@tattoo._zone,
Ghostbong Tattoos,https://www.instagram.com/ghostbong_tattoos/,1229,451,378,@ghostbong_tattoos,
Tattoos By Gabrin Minnaar,https://www.instagram.com/gabrin/,131,182,73,@gabrin,
Salvatrix Ink Tattoo Studio,https://www.instagram.com/inked_tattoostudio/,804,84,67,@inked_tattoostudio,
Iron Warrior Tattoo Supplies,https://www.instagram.com/ironwarriorusa/,3779,131,217,@ironwarriorusa,
Lafriniere Collection,https://www.instagram.com/alexis_laffy_cards/,112,27,14,@alexis_laffy_cards,
Gugulethu Tattoo Store,https://www.instagram.com/temporary_tattoos_store/,316,1838,12,@temporary_tattoos_store,
Hoodoo Tattoos,https://www.instagram.com/hoodootattoos/,7092,7341,1326,@hoodootattoos,
Satori Ink Cpt,https://www.instagram.com/satori.ink/,8154,580,294,@satori.ink,
The Tattoo Lounge,https://www.instagram.com/the_tattoo_lounge/,2303,46,266,@the_tattoo_lounge,
C.T.E Tattoos Supplies,https://www.instagram.com/kati.e_tattoos/,193,156,51,@kati.e_tattoos,
Mean Jean Tattoos,https://www.instagram.com/meanjeandarlene.tattoo/,,,,@lunatattooglasgowðÿœ¹ðÿ‘¹ @sacredheartsartclub @meanjeandarlene.tattoo,
Shapeshiftstudio,https://www.instagram.com/shapeshiftstudio/,256,943,11,@shapeshiftstudio,
Oldfield Tattoos,https://www.instagram.com/oldfield_tattoos/,6292,1317,1178,@oldfield_tattoos,
Smackatatt,https://www.instagram.com/smackthatx/,2804,880,2621,@smackthatx,
Disciples Ink Stellenbosch Tattoo Studio,https://www.instagram.com/disciplesinktattoo/,,,,@disciplesinktattoo,
Maverick Ink Sa,https://www.instagram.com/maverick.ink/,904,2812,1417,@maverick.ink,
Laser Tattoo Removal Cape Town,https://www.instagram.com/laser_tattoo_removal_cape_town/,182,25,66,@laser_tattoo_removal_cape_town,
Ctrl+Alt+Del Tattoo Removal & Lightening,https://www.instagram.com/laser145/,3,7,1,@laser145,
@ That Tattoo Studio,https://www.instagram.com/thatstudiotattoos/,2065,1553,306,@thatstudiotattoos,
Empire Tattoo Studio,https://www.instagram.com/empire_tattoo_studio/,6243,15,259,@empire_tattoo_studio,
Carvel,https://www.instagram.com/carvelicecream/,,,,@carvelicecream,
Folk Tattoo & Piercing Studio,https://www.instagram.com/folk.tattoo/,,,442,@beatrix.tattoo @megansmithtattoo @jamie_tattoo @siammari_art @folk_collective,
Black.Inktattoostudio,https://www.instagram.com/black.inktattoostudio/,982,3123,236,@black.inktattoostudio,
Black Tiger Ink,https://www.instagram.com/tiger.ink/,48,12,5,@tiger.ink,
Ink Aesthetics,https://www.instagram.com/ink_aesthetics_/,437,375,66,@ink_aesthetics_,
Betha_Ink Tattoo & Piercing,https://www.instagram.com/betha_dirga/,509,321,410,@betha_dirga,
Laser Clinic,https://www.instagram.com/laserclinicsuk/,,,,@laserclinicsuk,
Dust Tattoo,https://www.instagram.com/dust_tattoo/,3767,942,114,@dust_tattoo,
Primal Culture Tattoo Studio,https://www.instagram.com/primal_culture/,1366,1199,150,@primal_culture,
Tattootimes,https://www.instagram.com/tattootimes_/,282,756,13,@tattootimes_,
Ink Stained Skin,https://www.instagram.com/inkstained.skin/,,,,,
The Tattoo Den,https://www.instagram.com/the_tattoo__den/,58,28,32,@the_tattoo__den,
Just The Tip Art Studio,https://www.instagram.com/justthetiptattoo/,4361,2018,152,@justthetiptattoo,
Tattoo,https://www.instagram.com/tattoos_of_insta/,,,,@tattoos_of_insta,mmsocialtattoos@gmail.com
Tattoo Furniture Design,https://www.instagram.com/furniture_for_tattoo/,87,126,25,@furniture_for_tattoo,
Disciples Ink Hermanus Tattoo Studio,https://www.instagram.com/disciplesinktattoo/,,,,@disciplesinktattoo,
Inkfinity Tattoo Studio,https://www.instagram.com/inkfinity.tattoo.studio/,8956,7344,1630,@inkfinity.tattoo.studio,
Lost Angel Tattoos Pty Ltd,https://www.instagram.com/lostangeltattoos/,148,577,362,@lostangeltattoos,
Old Owl Ink,https://www.instagram.com/old_owl_ink/,73,312,26,@old_owl_ink,
Sacred Life Tattoos And Piercing,https://www.instagram.com/sacred_tattoos/,3624,4104,285,@sacred_tattoos,
Ink Inc Tattoos & Body Piercing,https://www.instagram.com/inkinc.tattoosandpiercings/,41,24,6,@inkinc.tattoosandpiercings,
Valkyrie Tattoos,https://www.instagram.com/valkyrie_tattooing/,2993,508,358,@valkyrie_tattooing,
Henna Tattoos,https://www.instagram.com/henna_tattoos__/,101k,266,152,@henna_tattoos__,
Davido.Ink Tattoo Boutique,https://www.instagram.com/davido_ink.sa/,1665,49,523,@davido_ink.sa,
Ba Ink Tattoos And Piercings,https://www.instagram.com/beautifullyinkedstudio/,465,8,143,@beautifullyinkedstudio,
Rrd Tattoo Supplies,https://www.instagram.com/rrdtattoosupplies/,1454,657,1374,@rrdtattoosupplies,
Tattoo Elite,https://www.instagram.com/tattoo.elite/,2677,1030,138,@tattoo.elite,
Mimi D Tattoo,https://www.instagram.com/mimi_d_tattoo/,1485,745,573,@mimi_d_tattoo,
Mob Inc Tattoo Bistro,https://www.instagram.com/mobinktattoos/,21.8k,3565,428,@mobinktattoos,
Carvel Tattoo & Lifestyle Studio,https://www.instagram.com/carvel_lifestyle/,409,103,28,@carvel_lifestyle,
Inkmunition Tattoo Piercing And Paintball Shop,https://www.instagram.com/ink.ammunition/,740,2713,20,@ink.ammunition,
Necrobeartattoos,https://www.instagram.com/necro_exodus_tattoos/,10.2k,5564,51,@necro_exodus_tattoos,
Hillbilly Ink Tattoos & Piercing,https://www.instagram.com/hillbillyink.tattoo/,11.4k,23,72,@hillbillyink.tattoo,
Studio57 - Canvas Cultique Tattoo Studio,https://www.instagram.com/tattoo_studio57/,249,24,15,@tattoo_studio57,
Royal Inked - Centurion,https://www.instagram.com/royal_inked_14/,1653,49,253,@royal_inked_14,
Python Ink Tattoos,https://www.instagram.com/pythonink_tattoos/,,,,@_pythonism @inkroots_tattoos @cobra_kc_tattoos @mikesbonelo @pythonink_tattoos,
Handstyle Tattoos 7Th Street Studio,https://www.instagram.com/handstyletattoos/,,,,@rosshallam @biancamaryann @kief_richardss @liam_howroyd @marigoldtattoos @handstyletattoos,handstyletattoos@gmail.com
A Fine Madness,https://www.instagram.com/afinemadness.tattoo_studio/,5867,540,902,@afinemadness.tattoo_studio,
Anima Mundi Tattoo Studio,https://www.instagram.com/animamunditattoostudio/,10.8k,5542,962,@animamunditattoostudio,
Blazing Hand Tattoos,https://www.instagram.com/blazinghandtattoos/,4512,2989,645,@blazinghandtattoos,
Onixx Tattoos & Piercings,https://www.instagram.com/onix_tattoosandpiercings/,428,614,253,@onix_tattoosandpiercings @,
Archive Tattoo Studio,https://www.instagram.com/archivetattoostudio/,1800,237,248,@archivetattoostudio,
Dragon Fire Tattoos,https://www.instagram.com/dragonfiretattoos/,6383,18,144,@dragonfiretattoos,
Tattoo Tony Creations Custom Tattoo Lounge,https://www.instagram.com/tattootonycreations/,2268,95,763,@tattootonycreations,
Humdinger Tattoo Emporium,https://www.instagram.com/humdingeremporium/,5022,917,312,@humdingeremporium,
Tattoos & Body Piercings By Dee,https://www.instagram.com/piercing_by_dee/,2193,1107,320,@piercing_by_dee,
Black And White Tattoo Studio,https://www.instagram.com/black_and_white_tattoo_studio/,161,81,34,@black_and_white_tattoo_studio,
Eternal Addiction Tattoos.,https://www.instagram.com/eternaladdictiontattoos/,434,739,158,@eternaladdictiontattoos,
Inksane Tattoos.Sa,https://www.instagram.com/inksane_tattoos_sa/,2567,1062,709,@inksane_tattoos_sa,
Sorry Mom Tattoo Art Studio,https://www.instagram.com/sorry_mom_tattoo_art_studio/,5674,464,422,@sorry_mom_tattoo_art_studio,
Adam'S Eden Tattoos,https://www.instagram.com/adam_megens/,4789,1805,3459,@adam_megens,
House Of Holland Tattoos,https://www.instagram.com/house_of_holland_tattoos/,2041,270,487,@house_of_holland_tattoos,
Artrageous Tattoos,https://www.instagram.com/artrageous_art/,17.7k,7117,1033,@artrageous_art,bookings@artrageous.co.za
Inksanity Tattoos & Body Piercings,https://www.instagram.com/inksanity_in/,2090,74,94,@inksanity_in,
The Tattoo Gallery,https://www.instagram.com/thetattoogallerysa/,,,249,@thetattoogallerysa,
The Kapital Tattoo Collective,https://www.instagram.com/thekapitaltattoosa/,1135,600,226,@thekapitaltattoosa,
Tattoocharm - Where Ink And Art Meet,https://www.instagram.com/tattoocharm/,2167,324,2041,@tattoocharm,
Blackrose Tattoos,https://www.instagram.com/blackrose_tattoo_bsas/,74.6k,3922,,@blackrose_tattoo_bsas,
Vain Venom Ink Tattoo And Piercing Studio,https://www.instagram.com/vain_venom_ink_tattoos/,,,,@vain_venom_ink_tattoos,vainvenomink@gmail.com
The Painted Lady Tattoo,https://www.instagram.com/paintedladync/,883,135,30,@paintedladync,
Ink To Skin Tattooing,https://www.instagram.com/inkinskin_tattoostudio/,,,,@inkinskin_tattoostudio,
Style Ink Tattoos,https://www.instagram.com/styles.ink/,80,58,12,@styles.ink,
Buzz Inc Tattoo Studio,https://www.instagram.com/buzztattoo/,2028,306,1109,@buzztattoo,
Mambos Tattoo Studio,https://www.instagram.com/mambostattoostudio01/,1526,481,1306,@mambostattoostudio01,
Skin Candy Tattoos,https://www.instagram.com/skin_candy_tattoo/,448,268,135,@skin_candy_tattoo,
J.C Tattoo & Body Piercing,https://www.instagram.com/jc.bodypiercing/,530,278,40,@jc.bodypiercing,
Eye Candy Tattoo Studio,https://www.instagram.com/eyecandytattoostudio/,1634,1271,297,@eyecandytattoostudio,
Sa Hardcore Social Club,https://www.instagram.com/_sa_hardcore_/,1874,6829,85,@_sa_hardcore_,
1933 Classic Tattoos,https://www.instagram.com/1933classictattoos/,6513,221,1005,@1933classictattoos @rastyknayles @rekso_le_hond @wohcizm,
Awhe Tattoo & Lifestyle Studio,https://www.instagram.com/awhe_tattoo_lifestyle_studio/,12.5k,5819,2992,@awhe_tattoo_lifestyle_studio,
Lah Blue Tattoo Co.,https://www.instagram.com/tv/CNEyfb1nlvI/,,,,@lahbluetattooco @countrykitchen.benoni @lahbluetattooco's @countrykitchen,
Romans Tattoo And Piercing,https://www.instagram.com/romanstattoo/,1680,375,107,@romanstattoo,
Dragon Heart Tattoo And Piercing Studio,https://www.instagram.com/dragonheart_tat/,427,340,153,@dragonheart_tat,
True Blue Professional Tattoo Studio,https://www.instagram.com/true.blue.studio/,13.5k,117,312,@true.blue.studio,
Jean Tattooing,https://www.instagram.com/jean_tattos/,10.3k,862,212,@jean_tattos,
Inkasi Tattoo,https://www.instagram.com/inkasi_tattoo/,150,36,55,@inkasi_tattoo,
Totem Ink Tattoo Studio,https://www.instagram.com/totem.tattoo.studio/,826,92,357,@totem.tattoo.studio,
The Sublime Sideshow Tattoo Emporium,https://www.instagram.com/sideshow_tattoo/,113,59,6,@sideshow_tattoo,
Little Hollow Tattoo Studio,https://www.instagram.com/littlehollow_tattoos/,3483,104,380,@littlehollow_tattoos,
Sheknows Ink Tattoo Studio,https://www.instagram.com/sheknows_ink/,12.9k,3014,1607,,
Geoff Squires Tattoos,https://www.instagram.com/geoffsquirestattoos/,1969,344,174,@geoffsquirestattoos,
Shadow Line Tattoos,https://www.instagram.com/shadowlinestattoo/,,,,@shadowlinestattoo,
John'S Custom Tattoo & Piercing,https://www.instagram.com/piercingbyjohn/,6565,6226,4564,@piercingbyjohn,
Fallen Heroes Tattoo // Art,https://www.instagram.com/fallenheroes/,24k,980,2283,@fallenheroes @thys_uys @tattoos_bynick @jinxtattooartist @lucky13tat @laurenpeachfish @kylebtattoo @joey.inked @lehlafaithstattoos @michmuldertattoo,
Sacredserpent,https://www.instagram.com/sacredserpent/,0,1,1,@sacredserpent,
Exclusive Ink,https://www.instagram.com/exclusiveinksalinas/,,,,,exclusiveink831@gmail.com
Wayne'S Tattoos,https://www.instagram.com/waynetattoos28/,1251,7493,535,@waynetattoos28,
Rock Steady Tattoos,https://www.instagram.com/tattoorocksteady/,,,,@tattoorocksteady,
Punky Tattoos And Piercings Studio,https://www.instagram.com/punkytattoo/,2844,202,73,@punkytattoo,
Hand Of Mysteries Tattoo,https://www.instagram.com/handofmysteries_tattoo/,6776,221,110,@handofmysteries_tattoo,
Third Eye Tattoo & Art Studio,https://www.instagram.com/thirdeye_bodyart/,1487,3275,148,@thirdeye_bodyart,
Iron Faith Tattoos,https://www.instagram.com/iron__faith_tattoos/,904,388,409,@iron__faith_tattoos,
Unique Piercings & Tattoos,https://www.instagram.com/uniquepiercings_tattoosbenoni/,944,266,524,@uniquepiercings_tattoosbenoni @uniquepiercings,
In City Ink Tattoos And Body Piercings,https://www.instagram.com/incityink/,,,151,@012central,
Tattoo Styles,https://www.instagram.com/best.tattoo.styles/,850k,1169,4155,@best.tattoo.styles,
Hillside Tattoo Studio,https://www.instagram.com/hillsidetattoostudio/,2318,555,201,@hillsidetattoostudio,
House Of Holland Tattoo Emporium Pta,https://www.instagram.com/_u/house_of_holland_tattoos/,,,,,
Os By Tshepo(Private Piercing/Tattoo Shop),https://www.instagram.com/piercing_shops/,794,6,251,@piercing_shops,
Tattoo Design Studio,https://www.instagram.com/tattoo_design_studio/,47.4k,7003,577,@tattoo_design_studio,
Ytt Tattoo Studio,https://www.instagram.com/yut_tattoo_studio/,,,,@yut_tattoo_studio,
Kevins Kustom Tattoos At Sacred Art Tattoo Lounge,https://www.instagram.com/kevins_kustom_tattoos/,446,206,83,@kevins_kustom_tattoos,
Cobra Kc Tattoos (Ckct),https://www.instagram.com/cobra_kc_tattoos/,2831,1278,981,@cobra_kc_tattoos,
Tattoo'S By Mr Dee'S,https://www.instagram.com/mr.dee.01/,100,97,32,@mr.dee.01,
True Love Tattoo,https://www.instagram.com/true_lovetattoo/,6530,471,3705,@true_lovetattoo,
Mo Tattoos,https://www.instagram.com/mo_tattoos_/,4037,1851,2852,@mo_tattoos_,
Dark Rose Tattoo,https://www.instagram.com/darkrose_tattoostudio/,3191,949,278,@darkrose_tattoostudio,
Vitamin Ink Tattoos,https://www.instagram.com/vitamininktattoos/,,,,@shittywizardtattoos @lucy_vitaminink @vitamininkpiercings @vitamininktattoos,
Emerald Rain Tattoos,https://www.instagram.com/emeraldraintattoos/,,,,,
Alberante Ink (Tattoo Saloon),https://www.instagram.com/tattoo_saloon.warrawong/,4283,431,950,@tattoo_saloon.warrawong,
Creative Tattoo Studio,https://www.instagram.com/creativetattoostudio_/,221,14,31,@creativetattoostudio_,
Fantasy Tattoos,https://www.instagram.com/fantasy_tattoos_/,2362,0,775,@fantasy_tattoos_,
Tattooinc Tattoo Equipment & Supplies,https://www.instagram.com/tattooinccolchester/,1088,702,590,@tattooinccolchester,
Evil Ink Tattoos,https://www.instagram.com/evilinkstudio/,21.1k,1789,606,@evilinkstudio,
Mythical Ink Tattoo'S,https://www.instagram.com/mythical_ink_tattoos/,61,2,5,@mythical_ink_tattoos,
Greedy Bear Tattoos,https://www.instagram.com/greedybeartattoos/,2277,2335,379,@greedybeartattoos,
Colour Me Inn Tattoo Studio,https://www.instagram.com/inn.tattoo/,725,102,34,@inn.tattoo,
Black Ice Tattoos,https://www.instagram.com/black_ice_tattoos_/,311,316,24,@black_ice_tattoos_,
Rising Dragon Tattoo,https://www.instagram.com/risingdragontattoos/,18k,5029,842,@risingdragontattoos,
Sinister Inc Tattoo And Piercing Pty Ltd,https://www.instagram.com/_sinister_ink_/,298,703,46,@_sinister_ink_,
Ardor Tattoo Collective,https://www.instagram.com/ardor_tattoo_collective/,909,2119,385,@ardor_tattoo_collective,
Ink By Nala Tattoos,https://www.instagram.com/ink_by_nala/,53.8k,5098,617,@ink_by_nala,
Da Vinci Tattoo Art,https://www.instagram.com/da.vinci.tattoo.artist/,614,115,26,@da.vinci.tattoo.artist,
Tattoo Styles,https://www.instagram.com/best.tattoo.styles/,850k,1169,4155,@best.tattoo.styles,
Royal Tattoos (Pty) Ltd,https://www.instagram.com/royal_tattoos/,3517,1454,228,@royal_tattoos,
One More Tattoo,https://www.instagram.com/onemoretattoo_sa/,3563,2061,114,@onemoretattoo_sa,
Tattoo Styles,https://www.instagram.com/best.tattoo.styles/,850k,1169,4155,@best.tattoo.styles,
Bunnycorpse Custom Tattoo & Piercing Studio,https://www.instagram.com/BunnyCorpse/,0,0,0,@bunnycorpse,
Rumble And Hum Tattoo,https://www.instagram.com/rumbleandhum/,7022,160,633,@rumbleandhum,
The Tattoo Studio 012,https://www.instagram.com/the_tattoo_studio_012/,1379,159,72,@the_tattoo_studio_012,
Tattoo Styles,https://www.instagram.com/best.tattoo.styles/,850k,1169,4155,@best.tattoo.styles,
Moonlight Tattoo Studio,https://www.instagram.com/moonlight.tattoostudio/,,,,,
Climaxink Tattoos,https://www.instagram.com/climaxx_tattoos_ink/,49,29,19,@climaxx_tattoos_ink,
The Tattoo Crew,https://www.instagram.com/the_tattoocrew/,194,765,85,@the_tattoocrew,
Assari Tattoo Studio,https://www.instagram.com/assaritattoostudio/,2808,1786,854,@assaritattoostudio,
The Write Hand Tattoo Studio Unit 4,https://www.instagram.com/righthandtattoo/,6409,626,428,@righthandtattoo,
Eclipseank Tattoo Ink,https://www.instagram.com/eclipsetattooink/,1142,375,1016,@eclipsetattooink,
Idol Ink Tattoos,https://www.instagram.com/glaxy_idol_ink1__/,14.4k,2496,401,@glaxy_idol_ink1__,
Dream Theatre Tattoo Studio,https://www.instagram.com/dreamtheatretattoostudio/,304,250,26,@dreamtheatretattoostudio,
Rose Gold Tattoos,https://www.instagram.com/rosegoldtattoo/,4840,2814,585,@rosegoldtattoo @tanyatattoos @janhill8 @tattoochops @miltondonedidit @drew._.browning @reasonstattoo @skinvillain @karl,
Ethel Tattoo Artist,https://www.instagram.com/etheltattooartist/,4263,825,95,@etheltattooartist,
Wasted Space Tattoo Studio,https://www.instagram.com/wastedspacetattoostudio/,2277,2332,1030,@wastedspacetattoostudio,
Inkrider Tattoos,https://www.instagram.com/inkrider_tattoos/,1017,3499,322,@inkrider_tattoos,
Papa Tattoo(Masenya),https://www.instagram.com/ay_papa_tattoo_shop/,198,146,98,@ay_papa_tattoo_shop,
Old Ink Tattoos,https://www.instagram.com/old_ink_tattoo_rovigo/,1489,607,989,@old_ink_tattoo_rovigo,
Zwi Tattoos,https://www.instagram.com/zwi_tattoos/,3156,7457,766,@zwi_tattoos,
Tattoo Styles,https://www.instagram.com/best.tattoo.styles/,850k,1169,4155,@best.tattoo.styles,
Chapman'S Tattoo Emporium,https://www.instagram.com/chapmanstattooemporium/,336,588,184,@chapmanstattooemporium,
Tazz Ink Tattoo,https://www.instagram.com/tazz_tattoo_ink/,1014,1098,31,@tazz_tattoo_ink,
Rugged Mate Tattoos N Piercings Studio,https://www.instagram.com/ruggedmate/,2576,1429,2514,@ruggedmate,
Wyld@Heart Tattoo & Piercing,https://www.instagram.com/wyld_at_heart/,229,155,2262,@wyld_at_heart,
Hummingbird_Sa Tattoo Studio,https://www.instagram.com/katlego33ink/,25.1k,1546,722,@katlego33ink,
The Southern Rebellion Tattoo Company,https://www.instagram.com/thesouthernrebellion/,1642,672,185,@thesouthernrebellion @bram_luttig_tattoos @bron_tattoos @hopeisforet @thugnificent_tattoo_tucker,
B-Inked Tattoo & Piercing Studio,https://www.instagram.com/binked_tattoo/,2114,3,90,@binked_tattoo,
Dipowers Ink Tattoo Shop,https://www.instagram.com/dipowers_ink_tattoos_/,713,156,102,@dipowers_ink_tattoos_,
